Title,Year,Age,IMDb,Rotten Tomatoes,Netflix,Hulu,Prime Video,Disney+,Type,Directors,Genres,Country,Language,Runtime
Making Unorthodox,2020,,,,1,0,0,0,0,Marlene Melchior,"Short,Documentary",Germany,English,
Little Singham aur Kaal ka Mahajaal,2018,,,,1,0,0,0,0,,,,,
Night on Earth: Shot in the Dark,2020,,,,1,0,0,0,0,Alex Minton,Documentary,,,59.0
What the F* Is Going On?,2019,,,,1,0,0,0,0,Bob Spiers,Comedy,,,
Uncovered,2019,,,,1,0,0,0,0,Jim McBride,Thriller,"United Kingdom,Spain,France",English,103.0
Concrete Football,2016,,,,1,0,0,0,0,"Jesse Adang,Syrine Boulanouar","Documentary,Sport",France,French,51.0
Luccas Neto in: Summer Camp,2019,,,,1,0,0,0,0,,,,,
Alexis Viera: A Story of Surviving,2019,,,,1,0,0,0,0,,,,,
Amelia: A Tale of Two Sisters,2017,,,,1,0,0,0,0,Jee-woon Kim,"Drama,Horror,Mystery,Thriller",South Korea,Korean,114.0
Urban Cowboy: The Rise and Fall of Gilley's,2015,13+,,,1,0,0,0,0,John Dorsey,Documentary,United States,English,80.0
Freezer's Campaign,2016,,,,1,0,0,0,0,Sameh Abdulaziz,"Comedy,Drama",Egypt,"English,Italian,Arabic",123.0
In My Country,2019,,,,1,0,0,0,0,John Boorman,"Drama,Romance","United Kingdom,Ireland,South Africa","English,Afrikaans",105.0
Hans Teeuwen: Real Rancour,2016,,,,1,0,0,0,0,,,,,
"El Especial de Alex Fernández, el Especial",2017,,,,1,0,0,0,0,"Raúl Campos,Jan Suter",Comedy,Mexico,Spanish,52.0
"Hoshino Gen Dome Tour ""POP VIRUS"" at Tokyo Dome",2019,,,,1,0,0,0,0,,,,,
Luccas Neto in: The End of Christmas,2019,,,,1,0,0,0,0,,,,,
Cultivating the Seas: History and Future of the Full-Cycle Cultured Kindai Tuna,2019,,,,1,0,0,0,0,,,,,
The Birth Reborn 3,2018,13+,,,1,0,0,0,0,,Documentary,,,
Dieter Nuhr: Nuhr in Berlin,2016,,,,1,0,0,0,0,Volker Weicker,Comedy,Germany,German,69.0
Once In A Lifetime Sessions with TLC,2018,,,,1,0,0,0,0,,"Documentary,Music",United States,English,90.0
Gina Yashere: Laughing To America,2014,,,,1,0,1,0,0,,,,,
The Republic Of Imbaba,2015,,,,1,0,0,0,0,,,,,
Har Kisse Ke Hisse Kaamyaab,2020,7+,,,1,0,0,0,0,Hardik Mehta,Drama,India,Hindi,109.0
I Am Jonas,2020,,,,1,0,0,0,0,Christophe Charrier,"Drama,Mystery,Romance",France,French,82.0
Death Can Wait,2020,,,,1,0,0,0,0,Frank E. Johnson,"Mystery,Sci-Fi,Thriller",United States,English,
Light in the Dark,2020,,,,1,0,0,0,0,Ekene Som Mekwunye,Thriller,Nigeria,English,105.0
Patton Oswalt: I Love Everything,2020,,,,1,0,0,0,0,Marcus Raboy,Comedy,United States,English,
Sylvanian Families: Everyone's Big Dream Flying in the Sky,2020,,,,1,0,0,0,0,,,,,
Chhota Bheem Ka Romani Adventure,2018,,,,1,0,0,0,0,,,,,
Digs & Discoveries: All Track's Lead to Rome,2019,,,,1,0,0,0,0,,,,,
Angu Vaikuntapurathu (Malayalam),2020,,,,1,0,0,0,0,,,,,
Thomas & Friends: Marvelous Machinery: A New Arrival,2020,,,,1,0,0,0,0,,,,,
Sometimes it rains,2016,,,,1,0,0,0,0,Rothwell Polk,"Short,Drama,Fantasy",United States,English,4.0
Alakada Reloaded,2017,,,,1,0,0,0,0,,,,,
Digs & Discoveries: Mines of Mystery,2019,,,,1,0,0,0,0,,,,,
Steam Team to the Rescue,2019,,,,1,0,0,0,0,Joey So,"Animation,Comedy,Family,Fantasy",,,25.0
Chhota Bheem Ka Troll Se Takkar,2018,,,,1,0,0,0,0,,,,,
Thomas & Friends: Marvelous Machinery: World of Tomorrow,2020,,,,1,0,0,0,0,,,,,
30 Days of Luxury,2016,,,,1,0,0,0,0,Hani Hamdi,"Comedy,Musical",Egypt,Arabic,
The Guardian Brothers,2016,,,,1,0,0,0,0,"Gary Wang,Paulette Victor-Lifton","Animation,Comedy,Family,Fantasy",China,Chinese,103.0
The Last Shaman,2016,,,,1,0,0,0,0,Raz Degan,"Documentary,Adventure,Drama,Family","United Kingdom,Italy,Israel,Peru,United States","English,Spanish",77.0
Homeland,2019,,,,1,0,0,0,0,,"Crime,Drama,Mystery,Thriller",United States,English,55.0
Once In A Lifetime Sessions with Noel Gallagher,2018,,,,1,0,0,0,0,Matt Askem,"Documentary,Music",,,
Chhota Bheem Aur Kaala Yodha,2018,,,,1,0,0,0,0,,,,,
Sylvanian Families: The Treasure of Sylvania Village,2018,,,,1,0,0,0,0,,,,,
Eve's Apple,2008,,,,1,0,0,0,0,Mary Borrello,Short,United States,English,
Kaaliyan,2017,,,,1,0,0,0,0,S. Mahesh,,India,"Malayalam,Hindi,Tamil,Telugu,Kannada",
Alarmoty in the Land of Fire,2017,,,,1,0,0,0,0,Ahmad El-Badri,Comedy,Egypt,Arabic,94.0
Jackie: A Tale of Two Sisters,2017,,,,1,0,0,0,0,Jee-woon Kim,"Drama,Horror,Mystery,Thriller",South Korea,Korean,114.0
Power Rangers Super Samurai: Trickster Treat,2012,,,,1,0,0,0,0,,,,,
Cop Watchers,2016,,,,1,0,0,0,0,Camilla Hall,Documentary,United States,English,95.0
LEGO House - Home of the Brick,2018,,,,1,0,0,0,0,Anders Falck,Documentary,,English,47.0
The Bulbul's Nest,2013,,,,1,0,0,0,0,,,,,
Black Man White Skin,2015,,,,1,0,0,0,0,Jose Manuel Colón Armario,Documentary,Spain,"Spanish,French",108.0
Little Singham Bandarpur Mein Hu Ha Hu,2019,,,,1,0,0,0,0,,,,,
You're Everything To Me,2016,,,,1,0,0,0,0,Tolga Örnek,Comedy,Turkey,Turkish,107.0
The Last Bomb of the Second World War,2019,,,,1,0,0,0,0,Athiyan Athirai,Drama,India,Tamil,141.0
Power Rangers Super Samurai: Stuck on Christmas,2012,,,,1,0,0,0,0,,,,,
Pocoyo Special Sports,2016,,,,1,0,0,0,0,,,,,
Pocoyo Carnival,2015,,,,1,0,0,0,0,,,,,
The Mitfords: A Tale of Two Sisters,2017,,,,1,0,0,0,0,Edward Cotterill,"Documentary,Biography,History",,,
A Mission in an Old Movie,2012,,,,1,0,0,0,0,,,,,
My Wife and My Wifey,2014,,,,1,0,0,0,0,Moataz El Tony,Comedy,Egypt,Arabic,
Lorai: Play to Live,2015,,,,1,0,0,0,0,Parambrata Chattopadhyay,Drama,India,Bengali,
Mission: Destroy Love,2014,,,,1,0,0,0,0,,Talk-Show,United States,English,
Oh My Ghost 4,2015,,,,1,0,0,0,0,,"Comedy,Drama,Fantasy,Romance",South Korea,Korean,60.0
Sohni Mahiwal,1984,,,,1,0,0,0,0,"Kanwal Biala,Latif Faiziyev,Umesh Mehra","Action,Drama,Romance","India,Soviet Union","Punjabi,Hindi",142.0
Twice,2010,,,,1,0,0,0,0,Jean-François Richet,Thriller,France,English,
"Karol Modzelewski, Łukasz „Lotek"" Lodkowski No Offense",2016,,,,1,0,0,0,0,,,,,
​Maj Rati ​​Keteki,2017,,,,1,0,0,0,0,Santwana Bardoloi,Drama,India,Assamese,
Paradise Lost,2017,,,,1,0,1,0,0,,"Drama,Mystery",,,
Monty Python Conquers America,2000,,,,1,0,0,0,0,,,,,
The Consul's Son,2011,,,,1,0,0,0,0,Amr Arafa,"Comedy,Thriller",Egypt,Arabic,119.0
Rehmataan,2012,,,,1,0,0,0,0,Rajveer Singh Maan,"Drama,Family,Romance",India,Punjabi,
Velvet Colección: Grand Finale,2020,,,,1,0,0,0,0,,,,,
Krish Trish and Baltiboy - Battle of Wits,2013,,,,1,0,0,0,0,,,,,
Samudri Lootere,2018,,,,1,0,0,0,0,,,,,
Among Family,2017,,,,1,0,0,0,0,Ozan Açiktan,Comedy,Turkey,Turkish,124.0
The Jungle School,2013,,,,1,0,0,0,0,Riri Riza,"Biography,Drama",Indonesia,Indonesian,90.0
Little Baby Bum: Go Buster,2019,,,,1,0,0,0,0,"Richard Hickey,Nick Hatton Jones","Animation,Family,Musical",,,
Because of Soccer,2008,,,,1,0,0,0,0,"Agasyah Karim,Khalid Kashogi","Comedy,Sport",Indonesia,Indonesian,
Once In A Lifetime Sessions with Moby,2018,,,,1,0,0,0,0,,"Documentary,Music",United States,English,90.0
Joaquín Reyes: Una y no más,2017,,,,1,0,0,0,0,,,,,
Pocoyo & Cars,2016,,,,1,0,0,0,0,,,,,
Los Niños Héroes de Chapultepec,2017,,,,1,0,0,0,0,Ignacio López Escrivá,"Documentary,History,War",Mexico,Spanish,87.0
O amor no divã,2016,,,,1,0,0,0,0,Alexandre Reinecke,Comedy,Brazil,Portuguese,88.0
Elles ont toutes une histoire,2016,,,,1,0,0,0,0,,,,,
Bheemayan,2018,,,,1,0,0,0,0,Rosauro Adorable,Animation,India,Hindi,97.0
Oddbods: The Festive Menace,2017,,,,1,0,0,0,0,,"Animation,Comedy,Family",,,
Little Singham in London,2019,,,,1,0,0,0,0,,,,,
Krish Trish and Baltiboy: Face Your Fears,2017,,,,1,0,0,0,0,Tilak Shetty,Animation,India,"Hindi,English",65.0
Amit Tandon: Family Tandoncies,2019,,,,1,0,0,0,0,,Comedy,India,,72.0
Paulettante Veedu,2016,,,,1,0,0,0,0,Dileep Narayanan,Drama,India,Malayalam,106.0
VS.,2018,,,,1,0,0,0,0,Ed Lilly,"Drama,Music",United Kingdom,English,99.0
Real Crime: Supermarket Heist (Tesco Bomber),2010,,,,1,0,0,0,0,,,,,
Power Rangers Samurai: Party Monsters (Halloween Special),2011,,,,1,0,0,0,0,,,,,
Once In A Lifetime Sessions with Nile Rodgers,2018,,,,1,0,0,0,0,Charlie Lightening,Music,United Kingdom,English,70.0
Antariksha Ke Rakhwale,2018,,,,1,0,0,0,0,,,,,
ChuChuTV Bedtime Stories & Moral Stories for Kids (English),2019,,,,1,0,0,0,0,,,,,
Eric Idle's What About Dick?,2012,,,,1,0,0,0,0,"Eric Idle,Aubrey Powell",Comedy,United States,English,81.0
Kacche Dhaagey,2016,,,,1,0,0,0,0,Buta Singh,Drama,India,Punjabi,120.0
Dragonkala Ka Rahasya,2018,,,,1,0,0,0,0,,,,,
Kuppivala,2017,,,,1,0,1,0,0,S.S. Rajan,Drama,India,Malayalam,
Jake's Buccaneer Blast,2014,7+,,,1,0,0,0,0,,Animation,United States,English,
Krish Trish and Baltiboy: Part II,2010,,,,1,0,0,0,0,Tilak Shetty,Animation,India,"Hindi,English",65.0
"Power Rangers Samurai: Christmas Together, Friends Forever (Christmas Special)",2011,,,,1,0,0,0,0,,,,,
Super Bheem Bana Vajraveer,2018,,,,1,0,0,0,0,,,,,
Oddbods: Party Monsters,2018,,,,1,1,0,0,0,,Animation,,,
"Tomasz Jachimek, Jacek Stramik Laugh at Live",2016,,,,1,0,0,0,0,,,,,
Sylvanian Families: A Town of Dreams,2017,,,,1,0,0,0,0,,,,,
Krish Trish and Baltiboy - Oversmartness Never Pays,2017,,,,1,0,0,0,0,,,,,
ChuChuTV Surprise Eggs Learning Videos (English),2019,,,,1,0,0,0,0,,,,,
ChuChuTV Surprise Eggs Learning Videos (Hindi),2019,,,,1,0,0,0,0,,,,,
Krish Trish and Baltiboy I,2009,,,,1,0,0,0,0,Tilak Shetty,Animation,India,"Hindi,English",65.0
ChuChuTV Bedtime Stories & Moral Stories for Kids (Hindi),2019,,,,1,0,0,0,0,,,,,
Elles étaient en guerre 1939-1945,2015,,,,1,0,0,0,0,,,,,
Shikari,1991,,,,1,0,0,0,0,"Joydip Mukherjee,Zakir Hossain","Action,Crime,Drama,Romance","Bangladesh,India",Bengali,145.0
Pocoyo Halloween: Space Halloween,2015,,,,1,0,0,0,0,Alfonso Rodriguez,"Animation,Short",United States,English,39.0
Alive,2018,,,,0,1,0,0,0,Frank Marshall,"Adventure,Biography,Drama,Thriller","United States,Canada",English,120.0
Bob The Builder: Can We Fix It?,2004,all,,,0,1,0,0,0,,,United Kingdom,English,44.0
Thomas & Friends: Songs from the Station,2005,all,,,0,1,0,0,0,,,,,
LeapFrog Letter Factory Adventures: Amazing Word Explorers,2015,all,,,0,1,0,0,0,Craig George,"Animation,Short,Family",,,38.0
Alien Contact,2020,,,,0,1,1,0,0,Rico Lowry,Documentary,United States,English,75.0
"New Year, New You",2017,,,,0,1,0,0,0,Jimmy Pope,"Short,Comedy",United States,English,
Christmas Crush,2012,,,,0,1,0,0,0,Marita Grabiak,Comedy,Canada,English,87.0
The Damned (2013),2014,18+,,,0,1,0,0,0,Víctor García,"Horror,Mystery,Thriller",United States,"English,Spanish",87.0
Comrades & Cash: How Money Found Its Way Through the Iron Curtain,2014,,,,0,1,0,0,0,,,,,
Legend of Heroes: Trails in the Sky,2011,13+,,,0,1,0,0,0,Toshihiro Kondo,Adventure,Japan,Japanese,
Hannah,2018,,,83%,0,0,1,0,0,Andrea Pallaoro,Drama,"Italy,France,Belgium","French,English",93.0
The White Massai Warrior,2020,13+,,,0,0,1,0,0,Benjamin Eicher,Documentary,Germany,"English,German",83.0
Mother's Day,2019,,,,0,0,1,0,0,Garry Marshall,"Comedy,Drama,Romance",United States,"English,Spanish",118.0
Afterlife,2018,,,,0,0,1,0,0,Agnieszka Wojtowicz-Vosloo,"Drama,Mystery,Thriller",United States,English,104.0
Abbott and Costello Christmas Show,1952,,,,0,0,1,0,0,,,,,
Buffed Up,2016,,,,0,0,1,0,0,Jenny Steele,Documentary,,,
Leftovers,2017,,,,0,0,1,0,0,Seth Hancock,"Documentary,Animation",United States,English,69.0
Vintage Sinatra,2003,,,,0,0,1,0,0,"David Leaf,John Scheinfeld",Documentary,United States,English,59.0
Too Cold to Swim,2018,,,,0,0,1,0,0,D.W. Young,Drama,United States,"German,English",80.0
OCD and Me,2016,,,,0,0,1,0,0,Adrian McCarthy,Documentary,Ireland,English,
Tintin: The Calculus Affair,1964,all,,,0,0,1,0,0,Stéphane Bernasconi,"Animation,Action,Adventure,Comedy,Crime,Family,Mystery",,,24.0
Cut in Half,2017,,,,0,0,1,0,0,Susan Seidelman,"Short,Drama,Family",United States,English,17.0
Mars Calling: Manifest Destiny or Grand Illusion?,2018,,,,0,0,1,0,0,,,,,
Aliens and Agenda 21,2018,,,,0,0,1,0,0,Robert D. Miles,Documentary,United States,English,90.0
All The Man I Need,2017,,,,0,0,1,0,0,,Music,,,
Where Were You When I Needed You,1986,,,,0,0,1,0,0,,"Short,Music",United States,English,4.0
Scientology: The Ex-Files,2010,7+,,,0,0,1,0,0,,,,,
Animal ABCs,2011,all,,,0,0,1,0,0,,Family,,,
Ian Bagg: Conversations,2018,,,,0,0,1,0,0,David Janiczek,News,,,
The Present,2014,,,,0,0,1,0,0,Fred Olen Ray,"Drama,Family,Romance",United States,English,85.0
Manson: 40 Years Later,2009,,,,0,0,1,0,0,,Documentary,,,
Nibiru - Return of the Gods,2014,,,,0,0,1,0,0,Jim Nichols,"Documentary,Short",United States,English,43.0
Prison Dogs,2016,13+,,,0,0,1,0,0,,Documentary,Japan,Japanese,71.0
Fluchkes,2011,,,,0,0,1,0,0,Ofer Inov,"Documentary,Drama",Israel,Hebrew,54.0
Taylor Swift: From the Heart,2013,,,,0,0,1,0,0,Alec Lindsell,Documentary,United Kingdom,English,61.0
There Comes a Time,1975,,,,0,0,1,0,0,Warren Miller,Documentary,United States,English,95.0
FCA!35 Tour: An Evening with Peter Frampton,2012,7+,,,0,0,1,0,0,"Peter Frampton,François Lamoureux,Pierre Lamoureux",Music,United States,English,189.0
Galapagos Realm Of Giant Sharks,2014,all,,,0,0,1,0,0,Thomas Lucas,,,,53.0
Trauma,2018,,,,0,0,1,0,0,Brad Anderson,"Mystery,Thriller",United States,English,99.0
The DMV Truth,2014,,,,0,0,1,0,0,Corey Williams,Documentary,United States,English,75.0
Such is Life,2008,,,,0,0,1,0,0,Colin Nutley,"Drama,Comedy","Sweden,Norway","Swedish,Norwegian",131.0
Love & Sex in Japan,2016,,,,0,0,1,0,0,,,,,
Washington Capitals 2018 Stanley Cup Champions,2018,,,,0,0,1,0,0,Evan Neel,Sport,United States,English,83.0
Living Things,2014,,,,0,0,1,0,0,Eric Shapiro,"Comedy,Drama",United States,English,75.0
Legend of the American Sniper,2017,,,,0,0,1,0,0,,"Drama,Talk-Show",,,
End of Innocence,1999,,,,0,0,1,0,0,Massimo Dallamano,Drama,"Italy,United Kingdom",Italian,86.0
"Here, There & Everywhere",2016,,,,0,0,1,0,0,Chris Patterson,Documentary,United States,English,98.0
JFK's Women: The Scandals Revealed,2006,,,,0,0,1,0,0,,Documentary,,,
Inside Lego at Christmas,2015,,,,0,0,1,0,0,,,,,
The 9 Ball Diaries,2008,,,,0,0,1,0,0,Scott Kalvert,"Biography,Crime,Drama,Sport",United States,English,102.0
Produced By George Martin,2012,7+,,,0,0,1,0,0,Francis Hanly,Documentary,United Kingdom,English,90.0
The Deadline,2008,,,,0,0,1,0,0,Lambert Hillyer,"Action,Adventure,Romance,Western",United States,English,65.0
Medal of Honor: The History,2014,,,,0,0,1,0,0,,Documentary,United States,English,45.0
Nureyev,2009,,,,0,0,1,0,0,"David Morris,Jacqui Morris",Documentary,United Kingdom,English,109.0
The Pristine Coast,2014,,,,0,0,1,0,0,Scott Renyard,"Documentary,History,News",Canada,English,110.0
The Dream Share Project,2013,,,,0,0,1,0,0,"Chip Hiden,Alexis Irvin","Documentary,Adventure,Drama",United States,English,63.0
Where the Streets Have No Name,2010,,,,0,0,1,0,0,Kerim Troeller,"Adventure,Drama",United States,English,150.0
Captain Beefheart: Under Review,2006,,,,0,0,1,0,0,,,,,
National Lampoon Presents: Surf Party,2014,18+,,,0,0,1,0,0,Sam Pillsbury,Comedy,United States,English,87.0
Etgar Keret What Animal R U?,2013,,,,0,0,1,0,0,Gur Bentwich,Documentary,Israel,"English,Hebrew",59.0
VA: The Human Cost of War,2017,,,,0,0,1,0,0,Ric Burns,Documentary,United States,English,56.0
"Frank Zappa - Freak Jazz, Movie Madness & Another Mothers",2014,,,,0,0,1,0,0,Tom O'Dell,Documentary,United States,English,
Circumstances,2017,18+,,,0,0,1,0,0,R. Simone Brown,"Crime,Drama",United States,English,86.0
Dan Cummins: Don't Wake The Bear,2017,,,,0,0,1,0,0,,,,,
Give Me One Reason,2015,,,,0,0,1,0,0,,"Drama,Romance",,,22.0
The Last Ones,2020,,,,0,0,1,0,0,Veiko Õunpuu,"Comedy,Crime,Drama","Estonia,Finland",Finnish,117.0
I m 24,2012,,,,0,0,1,0,0,Saurabh Shukla,"Comedy,Romance",India,Hindi,118.0
Michael Schenker: Temple Of Rock Live In Europe,2012,,,,0,0,1,0,0,,Music,Germany,English,115.0
Behind the Blue Veil,2013,13+,,,0,0,1,0,0,Robyn Symon,"Documentary,History",Mali,English,62.0
The Black Miami,2014,13+,,,0,0,1,0,0,Desmond Oku,"Adventure,Crime,Drama,Fantasy",United Kingdom,English,
Reverend I'm Available,2008,,,,0,0,1,0,0,Rodney L. Clark,"Comedy,Musical",United States,English,92.0
Robert Wise: American Filmmaker,2013,16+,,,0,0,1,0,0,Jeff Herberger,Documentary,United States,English,100.0
Rwanda: The Royal Tour,2018,,,,0,0,1,0,0,John Feist,Documentary,United States,,56.0
Beauty Bites Beast,2016,,,,0,0,1,0,0,Ellen Snortland,Documentary,"United States,Israel,Kenya,Mexico",English,90.0
Secret Societies and Sacred Stones: From Mecca to Megaliths,2011,,,,0,0,1,0,0,Philip Gardiner,Documentary,United States,English,70.0
Circus Without Borders,2015,13+,,,0,0,1,0,0,,,United States,English,69.0
Kundanapu Bomma,2016,all,,,0,0,1,0,0,Vara Mullapoodi,Drama,India,Telugu,121.0
Mickey Cucchiella: Short Stories,2015,,,,0,0,1,0,0,,,,,
Soul,2020,,,,0,0,1,0,0,"Pete Docter,Kemp Powers","Animation,Adventure,Comedy,Family,Fantasy,Music",United States,English,
Curse of the Dragon Slayer,2013,,,,0,0,1,0,0,John Lyde,"Action,Adventure,Fantasy",United States,English,111.0
Bones of Contention,1994,,,,0,0,1,0,0,Andrea Weiss,"Documentary,History","United States,Spain","Spanish,English",75.0
The Getaway,2020,18+,,,0,0,1,0,0,Sam Peckinpah,"Action,Crime,Thriller",United States,"English,Spanish",123.0
Drone,2014,,,33%,0,0,1,0,0,Jason Bourque,Thriller,Canada,"Urdu,English",91.0
Acrylic,2020,,,,0,0,1,0,0,Nicole D'Angelo,Comedy,United States,,
AI: Artificial or ADVANCED Intelligence,2020,,,,0,0,1,0,0,Domini Quinn Supastar,Documentary,United States,English,50.0
A risky revenge,2019,,,,0,0,1,0,0,Paul Ruven,Crime,Netherlands,English,80.0
The Daniel Tiger Movie: Won't You Be Our Neighbor?,2018,,,,0,0,1,0,0,"Vadim Kapridov,Tammy Langton","Animation,Family",,,
The Weight of Success,2019,,,,0,0,1,0,0,M. Douglas Silverstein,"Documentary,Short,Drama",United States,English,40.0
Science Of The Soul,2011,,,,0,0,1,0,0,,Documentary,United States,English,60.0
Allman Brothers: After The Crash,2016,,,,0,0,1,0,0,,,,,
Don't Cry For Me Papa,1983,,,,0,0,1,0,0,Maryo J. de los Reyes,Drama,Philippines,"Filipino,Tagalog",107.0
"Humanite, The Beloved Community",2019,,,,0,0,1,0,0,Jim Hanon,Documentary,"United States,Indonesia,Japan,Kenya,South Africa,United Kingdom",English,67.0
Clint Eastwood: Breaking Steel,2016,,,,0,0,1,0,0,,,,,
Bruno Mars: The Finest,2018,,,,0,0,1,0,0,,,,,
Tainted Souls,2018,,,,0,0,1,0,0,"Matteo Botrugno,Daniele Coluccini","Crime,Drama",Italy,Italian,101.0
2010 NBA Champions: Los Angeles Lakers,2010,,,,0,0,1,0,0,,Sport,United States,English,90.0
"Fortnite: Battle, Build, Survive!",2018,,,,0,0,1,0,0,Matt Salmon,Documentary,United States,English,56.0
KAALA (Malayalam),2018,,,,0,0,1,0,0,Anuraj,"Short,Mystery",India,Malayalam,20.0
Jaguar: Going Electric,2018,13+,,,0,0,1,0,0,,,,,
5K1-States Evidence,2018,,,,0,0,1,0,0,Benjamin Louis,"Drama,Thriller",United States,English,89.0
"Sopranos Behind-the-Scenes, Volume 2 of 2",2015,,,,0,0,1,0,0,,,,,
The Nude in Art with Tim Marlow,2010,,,,0,0,1,0,0,,,,,
Highway to Hell: The Battle for Mosul,2017,,,,0,0,1,0,0,Matt Brown,"Documentary,Short",Iraq,English,42.0
Rorrim,2019,,,,0,0,1,0,0,M.P. Murdock,"Short,Drama",United States,English,15.0
Belli Don,2018,,,,0,0,1,0,0,Emilio Martínez Lázaro,"Comedy,Romance",Spain,"Basque,Spanish,Catalan",99.0
Forever Faithful,2018,,,,0,0,1,0,0,Charles Brabin,Drama,United States,English,69.0
Fire Mountain: The Eruption and Rebirth of Mount St. Helens,2002,,,,0,0,1,0,0,,,,,
Stevie Ray Vaughan - 1984-1989: Lonestar,2017,,,,0,0,1,0,0,Tom O'Dell,Documentary,United States,English,108.0
Duane Michals: The Man Who Invented Himself,2014,,,,0,0,1,0,0,Camille Guichard,"Documentary,Biography","United States,France",English,90.0
The Big Swim,2018,,,,0,0,1,0,0,Kat Green,"Short,Romance","United States,Mexico",English,25.0
Toriko the Movie,2012,,,,0,0,1,0,0,Akifumi Zako,Animation,Japan,Japanese,81.0
Back to Life: The Torin Yater-Wallace Story,2018,,,,0,0,1,0,0,Clayton Vila,"Documentary,Sport",United States,English,46.0
Nature: Touching the Wild: Living with the Mule Deer of Deadman Gulch,2014,,,,0,0,1,0,0,,,,,
Bear Snores On,2009,,,,0,0,1,0,0,,"Animation,Comedy,Family,Fantasy,Music",,,
"Blunt, the Fourth Man",1985,,,,0,0,1,0,0,,,,,
Rocketmen,2018,,,,0,0,1,0,0,,"Adventure,Comedy",United States,English,80.0
Lendemains Incertains - Uncertain Future,2018,,,,0,0,1,0,0,Eddy Munyaneza,Documentary,"Burundi,Congo,France,Belgium","French,Kinyarwanda",69.0
Agony Within,2018,,,,0,0,1,0,0,Matt Merritte,"Short,Action",United States,,18.0
I Love Toy Trains - Ticket to Ride,2013,,,,0,0,1,0,0,,,,,
Bigfoot Encounters,2018,,,,0,0,1,0,0,,Reality-TV,,,
Tom Clancy's The Division: Agent Origins,2016,,,,0,0,1,0,0,"Devin Graham,Adrian Picardi","Short,Action",United States,English,31.0
American Experience: Death and The Civil War,2012,,,,0,0,1,0,0,Ric Burns,"Documentary,Biography,History",,English,117.0
"Once Upon a Time Was I, Verônica",2012,,,,0,0,1,0,0,Marcelo Gomes,Drama,"Brazil,France",Portuguese,91.0
Charles Dickens: David Copperfield - An Animated Classic,2013,,,,0,0,1,0,0,,,,,
The Mini Witch,2013,,,,0,0,1,0,0,Johan Nijenhuis,"Family,Fantasy",Netherlands,Dutch,95.0
Children of Shame,2014,,,,0,0,1,0,0,Elodie Pakosz,Documentary,France,French,52.0
The Wars of the Roses: A Bloody Crown,2011,,,,0,0,1,0,0,,,,,
Sunshine,2013,,,,0,0,1,0,0,Danny Boyle,"Sci-Fi,Thriller","United Kingdom,United States",English,107.0
Cyborg: The Ultimate Weapon,2008,,,,0,0,1,0,0,John Stead,"Action,Sci-Fi","United States,Canada",English,84.0
Malicious Intent,2016,,,,0,0,1,0,0,Caesar Cavaricci,Thriller,United States,English,82.0
Fire Mountain,2003,,,,0,0,1,0,0,,Documentary,Australia,,
Joe Pasquale's Bubble & Squeak,2019,,,,0,0,1,0,0,,Comedy,United Kingdom,English,70.0
The Collector: Allan Stone's Life in Art,2007,,,,0,0,1,0,0,Olympia Stone,Documentary,United States,English,62.0
The Contract,2016,,,,0,0,1,0,0,Bruce Beresford,"Action,Crime,Drama,Thriller","Germany,United States",English,96.0
The Khufu Pyramid Revealed,2008,,,,0,0,1,0,0,Florence Tran,Documentary,France,"English,French",52.0
A Helluva Ride: The Trump Revolution Begins...,2017,,,,0,0,1,0,0,,,,,
Peculiar Pets,2010,,,,0,0,1,0,0,Adrian Cale,Documentary,United Kingdom,English,
Amazing Trains,2017,,,,0,0,1,0,0,Evan Tramel,Animation,United States,English,62.0
"American Dope: White Powder, Black Power",2018,,,,0,0,1,0,0,Alan Bradley,Documentary,United States,English,68.0
Pretty Bad Actress,2018,,,,0,0,1,0,0,Nick Scown,"Comedy,Crime,Drama,Mystery",United States,English,85.0
The Harbortown Bobber,2009,,,,0,0,1,0,0,"Zack Coffman,Scott Di Lalla","Documentary,Action,Adventure,Sport",United States,English,75.0
"""22"" A film about Veterans, Healthcare and Suicide.",2018,,,,0,0,1,0,0,,,,,
Christmas Cartoons: 14 Christmas Cartoon Classics - 2 Hours of Holiday Favorites,2016,,,,0,0,1,0,0,,"Animation,Family",,English,119.0
Is Sugar the New Fat?,2014,,,,0,0,1,0,0,,,,,
When Darkness Falls: 2 Chiller Tales,2017,,,,0,0,1,0,0,,,,,
The Fabulous Life Of Elisabeth Vigee Labrun,2018,,,,0,0,1,0,0,Arnaud Xainte,"Documentary,Drama,History",France,French,94.0
Ancient Amazon,1999,,,,0,0,1,0,0,,"Animation,Action,Adventure,Fantasy",United States,,
Luger Pistols,2018,,,,0,0,1,0,0,,"Family,Fantasy,Music",Denmark,Danish,
A Christmas Carol in Color!,2008,,,,0,0,1,0,0,,Horror,,,
The Middle Man,2018,,,,0,0,1,0,0,Bent Hamer,Drama,Germany,English,
WWII Bomber Boys of Britain with Ewan McGregor,2014,,,,0,0,1,0,0,,,,,
Bedtime Lullabies,2017,,,,0,0,1,0,0,,Family,United Kingdom,English,70.0
Ostatni ludzie Czarnobyla 2,2019,,,,0,0,1,0,0,Amadeusz Kocan,Documentary,Poland,"Ukrainian,Polish",86.0
Broadside: Emerging Empires Collide,2009,,,,0,0,1,0,0,,,,,
Get Back To Dirt,2017,,,,0,0,1,0,0,,Talk-Show,,,
The Four Tops,2004,,,,0,0,1,0,0,,Music,,,
ABC & 123,2017,,,,0,0,1,0,0,Eino Ruutsalo,Short,Finland,Finnish,5.0
Wounded Love,2016,,,,0,0,1,0,0,,"Drama,History,Romance,War",Turkey,Turkish,120.0
Code of Silence,2018,,,,0,0,1,0,0,Andrew Davis,"Action,Crime,Drama,Thriller",United States,English,101.0
Forbidden Discoveries documentary - Artifacts That Defied History Books - Planet History,2018,,,,0,0,1,0,0,,,,,
Death Hunt,2018,,,,0,0,1,0,0,Peter R. Hunt,"Action,Adventure,Crime,Thriller,Western","Hong Kong,United States",English,97.0
The Enigma of Flight MH370,2015,,,,0,0,1,0,0,Neil Cairns,Documentary,United Kingdom,Arabic,51.0
U-455: The Mystery of the Lost Submarine,2018,,,,0,0,1,0,0,,,,,
UFOTV Presents: Out of the Blue - The Definitive Investigation On UFOs,2012,,,,0,0,1,0,0,,,,,
Red Bull Project X,2012,,,,0,0,1,0,0,Sean Aaron,"Documentary,Action,Adventure,Sport",United States,English,48.0
Happy Hour Part 3,2016,,,,0,0,1,0,0,,"Comedy,Drama,Horror,Mystery,Sci-Fi,Thriller",,,
Love Don't Last Forever,2018,,,,0,0,1,0,0,Andrew Booth,"Short,Sci-Fi",United Kingdom,English,
Habermann,2011,,,,0,0,1,0,0,Juraj Herz,"Drama,Romance,War","Germany,Czech Republic,Austria","German,Czech,Latin",104.0
Cosplay Culture,2016,,,,0,0,1,0,0,,,,,
Contrast,2018,,,,0,0,1,0,0,Guillaume Provost,Adventure,Canada,English,
James Salter: A Sport and a Pastime,2011,,,,0,0,1,0,0,"Sandy Gotham Meehan,Edgar Howard","Documentary,Biography,History,Romance","United States,France",English,54.0
Classic TV Bloopers: Uncensored,2011,,,,0,0,1,0,0,,,,,
King of Scots,2017,,,,0,0,1,0,0,Kevin Macdonald,"Biography,Drama,History,Thriller","United Kingdom,Germany","English,French,German,Swahili",123.0
American Rodeo: A Cowboy Christmas,2016,,,,0,0,1,0,0,,,,,
Humpty Dumpty & More Kids Songs: Super Simple Songs,2017,,,,0,0,1,0,0,,"Animation,Short,Music",Canada,English,31.0
Pepsi vs Cola: The Marketing Battle of the Century,2017,,,,0,0,1,0,0,,Documentary,France,English,53.0
Arnhem 1944,2013,,,,0,0,1,0,0,Javier Franceschi,"Animation,Short,History,War",United States,English,4.0
The Fairies - Fairy Magic,2012,,,,0,0,1,0,0,Matt King,Family,Australia,English,53.0
Earth: Population Overload,2018,,,,0,0,1,0,0,,Documentary,United States,English,66.0
Eric Clapton - The 1960s Review,2010,,,,0,0,1,0,0,Alex Westbrook,Documentary,United States,English,120.0
The Northwest Passage: The Last Great Frontier,2014,,,,0,0,1,0,0,,,,,80.0
Facundo Alitaftaf,1978,,,,0,0,1,0,0,Luciano B. Carlos,Comedy,Philippines,"Filipino,Tagalog",106.0
One Way Astronaut: The Mars One Initiative,2017,,,,0,0,1,0,0,,,,,
Last Confessions of The Cannibal: The Strange Story of Alexander Pearce,2009,,,,0,0,1,0,0,,,,,
Bye,2013,,,,0,0,1,0,0,Paco Cabezas,"Drama,Thriller",Spain,Spanish,111.0
Beyonce: On Top,2018,,,,0,0,1,0,0,"Beyoncé,Ed Burke","Short,Music",United States,English,4.0
A Woman's Worth,2018,,,,0,0,1,0,0,"Consuella Raynor,Rosa Nichols",Comedy,United States,English,
Brainy Bubbly Bug Buddies 2,2019,,,,0,0,1,0,0,Leon Ding,Animation,China,English,84.0
Jr. Detective Agency,2009,,,,0,0,1,0,0,Tom Whitus,Family,United States,English,87.0
Cool Guns,2018,,,,0,0,1,0,0,Derek Savage,"Short,Family",United States,English,22.0
American Gunmaker: The John M. Browning Story,1991,,,,0,0,1,0,0,,,,,
A Promise That Was Broken,2018,,,,0,0,1,0,0,Jirí Chlumský,"Biography,Drama,Family,Sport,War","Slovakia,Czech Republic,United States","Slovak,Russian",129.0
Behold the Earth,2017,,,,0,0,1,0,0,David Conover,Documentary,United States,English,63.0
The Tormenting,2017,,,,0,0,1,0,0,Jaspreet Kaur,"Horror,Thriller",Canada,English,89.0
Forest of Crocodiles,2009,7+,,,0,0,1,0,0,Mark Aitken,Documentary,South Africa,English,52.0
Fighting Average,2013,,,,0,0,1,0,0,"Shelley Morten,Steve Pojitski",Documentary,Canada,English,86.0
"Chonda Pierce Presents: Stand Up for Families - Family Is Forever and Ever, Amen",2018,,,,0,0,1,0,0,,,,,
Private Armies,2007,,,,0,0,1,0,0,Patrick Forestier,Documentary,France,English,54.0
Hot Rods & Mean Machines,2009,,,,0,0,1,0,0,,,,,
Going to Hell: The Movie,2004,,,,0,0,1,0,0,Neil Oseman,Documentary,United Kingdom,English,91.0
Lost Treasures of the Silk Road,2013,,,,0,0,1,0,0,,"Documentary,Short",United Kingdom,English,30.0
Paddle to the Ocean,2013,,,,0,0,1,0,0,Kelsey Thompson,"Documentary,Music",Canada,English,61.0
The Fairies: Fairy Beach,2007,all,,,0,0,1,0,0,Mark Evans,Family,Australia,English,75.0
Boss I Love You,2006,,,,0,0,1,0,0,Richard LaGravenese,"Comedy,Drama,Romance",United States,English,126.0
The Art of the Shine,2018,,,,0,0,1,0,0,,Documentary,,,
Murge: The Cold War Front,2012,,,,0,0,1,0,0,,,,,
Yellowstone: America's Eden,1997,,,,0,0,1,0,0,David Scheerer,Documentary,"Sweden,United States",English,90.0
German WWII Firearms,2018,,,,0,0,1,0,0,,,,,
The Girl Whose Muscles are Turning to Bone,2005,,,,0,0,1,0,0,Virginia Quinn,Documentary,,English,60.0
Arthur and the Haunted Tree House,2017,,,,0,0,1,0,0,Marc Brown,Animation,United States,English,57.0
OGAR: Will of Steel,2017,,,,0,0,1,0,0,,,,,82.0
Kurdish Factor: The Untold Story Of The Gulf Wars,2018,,,,0,0,1,0,0,Roger Lindley,Documentary,"United States,Iraq,United Kingdom",English,52.0
The Story of Queen Elizabeth II,2002,,,,0,0,1,0,0,Mont Tombleson,"Documentary,Biography,History",United Kingdom,English,108.0
On The Court,2017,,,,0,0,1,0,0,,Comedy,United States,English,20.0
Bonobo - The North Borders Tour - Live,2014,,,,0,0,1,0,0,"Liam Bream,Paul Bryan",Documentary,United States,English,90.0
Have Fun,2018,,,,0,0,1,0,0,Amir Azizi,News,,,
My Phamily BBQ,2003,,,,0,0,1,0,0,Ytasha Womack,Comedy,United States,English,87.0
The Battle Of Bunker Hill,2009,,,,0,0,1,0,0,Tony Malanowski,"Documentary,Action,Family,History",United States,English,58.0
Baja: The Other California,2005,,,,0,0,1,0,0,,Documentary,Austria,"German,English",51.0
Long Live Your Death,2015,18+,,,0,0,1,0,0,Duccio Tessari,"Action,Adventure,Comedy,War,Western","Italy,West Germany,Spain",Italian,103.0
Diving with Sharks: The Ultimate Guide,2017,,,,0,0,1,0,0,,,,,
Whatever Happened to the Windsors? King Edward VIII And Wallis Simpson,2015,,,,0,0,1,0,0,,,,,
Bear Has a Story to Tell,2017,,,,0,0,1,0,0,"Ed Mironiuk,Kris Tercek","Animation,Short",United States,English,9.0
Ocean Rescue: Making the Squad,2018,,,,0,0,1,0,0,Charlie Ball,Documentary,United States,English,83.0
Magifique,2012,,,,0,0,1,0,0,James Pilkington,"Short,Comedy",New Zealand,English,9.0
The War of 33 - Letters from Beirut,2008,13+,,,0,0,1,0,0,,,,,
Don Mclean - Starry Starry Night,2001,all,,,0,0,1,0,0,,,,,
"Evening Rain with thunderstorm, 9 hours for sleep and meditation-ultra dark",2016,,,,0,0,1,0,0,,,,,
Tough at the Top,1998,,,,0,0,1,0,0,Jay Rozanski,"Short,Comedy",United Kingdom,English,3.0
Put Your Heart on the Page,2013,,,,0,0,1,0,0,,Documentary,United Kingdom,English,67.0
Bonanza TV,2007,,,,0,0,1,0,0,,Western,United States,English,49.0
Carpe Diem: A Fishy Tale,2013,,,,0,0,1,0,0,Scott Dobson,"Documentary,Short",Canada,English,44.0
Sea of Creepy Monsters,2009,,,,0,0,1,0,0,Manfred Christ,Documentary,United Kingdom,English,51.0
Sue Thomas: Breaking the Sound Barrier,2003,,,,0,0,1,0,0,,,,,
The Impassive Muse,2011,,,,0,0,1,0,0,,,,,
Beggars' Oasis,2015,,,,0,0,1,0,0,,,,,
The Young Sea,2018,,,,0,0,1,0,0,,Documentary,Sweden,English,55.0
Antique Gun Show,2018,,,,0,0,1,0,0,,,,,
Dr. Dre: Another Beat,2016,,,,0,0,1,0,0,,,,,
Happy Hour Part 2,2016,,,,0,0,1,0,0,,"Comedy,Drama,Horror,Mystery,Sci-Fi,Thriller",,,
Mississippi Juco: The Toughest Football League In America,2012,,,,0,0,1,0,0,Cotton Yancey,Documentary,United States,English,120.0
Coldplay: Behind the Stage,2018,,,,0,0,1,0,0,,,,,
Finding Me,2018,,,,0,0,1,0,0,Roger S. Omeus Jr.,"Comedy,Drama,Romance",United States,English,115.0
"Rebel: Loreta Velazquez, Secret Soldier of the American Civil War",2013,,,,0,0,1,0,0,,,,,
"The Best of I Love Toy Trains, Parts 7-12",2013,,,,0,0,1,0,0,Tom McComas,,United States,English,68.0
Rise of the Great White Shark,2017,,,,0,0,1,0,0,Kenny Welsh,"Short,Drama",Canada,English,
Little Pim: Get up and Go! - Korean for Kids,2015,,,,0,0,1,0,0,,,,,
Prince Brat and the Whipping Boy,2009,,,,0,0,1,0,0,Syd Macartney,"Family,Fantasy","United Kingdom,United States,Germany,France",English,96.0
Conny Plank: The Potential of Noise,2018,,,,0,0,1,0,0,"Reto Caduff,Stephan Plank",Documentary,Germany,"German,English",92.0
Rollin: The Fall of the Auto Industry and the rise of the Drug Economy in Detroit,2016,,,,0,0,1,0,0,Alan Bradley,"Documentary,Crime,News",United States,English,83.0
Machine Gun 101,2018,,,,0,0,1,0,0,Marc Forster,"Action,Biography,Crime,Drama",United States,"English,Arabic,Acholi",129.0
The Secret Mummies of Lisbon,2017,,,,0,0,1,0,0,"Marlin Darrah,Paul Perry,Marlin Darrah","Documentary,History",Portugal,,50.0
Holy Relics: The Quest,2015,,,,0,0,1,0,0,,,,,
Stigma,2012,,,,0,0,1,0,0,David E. Durston,"Drama,Thriller",United States,English,93.0
Ghost Town and America's Historic Inns,2005,,,,0,0,1,0,0,,,,,
Hawaiian Surf Stories,2005,,,,0,0,1,0,0,Jimi Berlin,"Documentary,Sport",United States,English,233.0
Between Two Harbors,2017,,,,0,0,1,0,0,Richard Yelland,Documentary,United States,,51.0
The Real Hobbit: Rethinking Human Origins,2008,,,,0,0,1,0,0,,,,,
Power Trip,2018,,,,0,0,1,0,0,Paul Devlin,Documentary,"United States,Georgia","English,Georgian",86.0
Life Is A Banquet - The Rosalind Russell Story,1970,,,,0,0,1,0,0,,,,,
Lost Technology of Ancient Egypt: Part II,2018,,,,0,0,1,0,0,,,,,
Columbus In America,2018,,,,0,0,1,0,0,Paul Puglisi,Documentary,United States,English,88.0
Zumba Fitness-Concert Live,2015,,,,0,0,1,0,0,,,,,
The Cursed Island,2014,,,,0,0,1,0,0,Taro Imai,"Documentary,Adventure,Comedy,Horror",Japan,English,85.0
Popular Nursery Rhymes by HooplaKidz,2014,,,,0,0,1,0,0,,,,,
On The Wings of The Monarch,2001,,,,0,0,1,0,0,Oktay Ortabasi,Documentary,United States,,47.0
I Can't Believe I'm Telling You This,2008,13+,,,0,0,1,0,0,Mike Christie,Documentary,United Kingdom,English,59.0
Crisis Call,2016,,,,0,0,1,0,0,Anthony Hackett,"Crime,Drama,Thriller",United States,English,73.0
"Inday, Inday Sa Balitaw",2007,,,,0,0,1,0,0,Luciano B. Carlos,"Action,Comedy,Family,Fantasy",Philippines,"Filipino,Tagalog",105.0
Alien Global Threat,2016,,,,0,0,1,0,0,J. Michael Long,Documentary,United States,English,70.0
"George A. Romero Presents: Deadtime Stories, Vol. 2",2010,,,,0,0,1,0,0,,,,,
The Billy Meier Story: UFO's and the Prophecies from Outer Space,2009,,,,0,0,1,0,0,Jack Gerlach,"Documentary,Biography",United States,"English,German",94.0
Enrique Iglesias: Latin Love,2018,,,,0,0,1,0,0,Matthew Rolston,"Short,Music",United States,English,4.0
Paranormal Rosslyn Chapel,2013,,,,0,0,1,0,0,Philip Gardiner,,United States,English,59.0
Robinson Crusoe's Treasure Island,2011,,,,0,0,1,0,0,,,,,
Chonda Pierce Presents: Stand Up for Families - Home Is Where the Heart Is,2016,,,,0,0,1,0,0,,,,,
Jason Mraz: Have It All The Movie,2018,,,,0,0,1,0,0,,,,,
Hitler's Secret Son,2018,,,,0,0,1,0,0,,"Documentary,War",,,51.0
Jurassic Africa,2018,,,,0,0,1,0,0,,Short,United States,English,2.0
In From The Cold? A Portrait Of Richard Burton,1988,,,,0,0,1,0,0,,,,,
Third Day,2013,,,,0,0,1,0,0,Carlos Boellinger,"Short,Thriller",United Kingdom,English,20.0
Guns of World War I,2018,,,,0,0,1,0,0,,"Documentary,Biography,History,War",,,
Human Zoos,2018,,,,0,0,1,0,0,John West,"Documentary,History",United States,English,49.0
Big-Ass Guns,2018,,,,0,0,1,0,0,,,,,
Mera Aakrosh,2018,,,,0,0,1,0,0,,,,,
Truth Never Lies,2018,,,,0,0,1,0,0,Aiken Weiss,Drama,United States,English,96.0
What's at the Center of the Earth? Layers! Fossils!,2016,,,,0,0,1,0,0,"Terry Izumi,Karl Toerge","Animation,Family",,,
King of the Cage Under Siege,2018,,,,0,0,1,0,0,,,,,
Wow Moments,2014,,,,0,0,1,0,0,Dominik Rausch,Mystery,,,
Senior Conundrum,2015,,,,0,0,1,0,0,Zebulun Dinkins,Thriller,United States,English,47.0
Ebola: The Story,2018,,,,0,0,1,0,0,Steven Grandison,Documentary,United States,English,41.0
Yankee Stadium: The Golden Age,2012,,,,0,0,1,0,0,,Documentary,United States,English,60.0
Lots & Lots of Fire Trucks - Amazing Rescue Rigs!,2007,,,,0,0,1,0,0,,,,,
Volcanic Planet,2014,,,,0,0,1,0,0,Peter Rowe,"Documentary,Adventure","Congo,Canada,Vanuatu,Turkey,Italy,Indonesia,Iceland,Guatemala,Costa Rica",English,80.0
Living In Tents,2018,,,,0,0,1,0,0,Paul Gerard Crane,Documentary,United States,English,58.0
Big Money Agenda: Democracy on the Brink,2018,,,,0,0,1,0,0,,,,,
Hitler's Women,2018,,,,0,0,1,0,0,Steve Sekely,"Drama,War",United States,English,72.0
Tiny Miracles,2001,,,,0,0,1,0,0,Jeff Rigler,"Adventure,Family,Fantasy",United States,English,61.0
Kindness Matters,2018,,,,0,0,1,0,0,Craig McMahon,Family,United States,English,102.0
Paul Rodriguez: Just for the Record,2012,,,,0,0,1,0,0,,,,,
Two Black Men A Week,2016,,,,0,0,1,0,0,,Documentary,France,,49.0
Ghosts in Ghost Towns: Haunting The Wild West,2018,,,,0,0,1,0,0,"Alan Megargle,Anna Meyer-Evans",Documentary,United States,English,109.0
This Is the Day,2012,,,,0,0,1,0,0,Kersti Uibo,"Documentary,Drama,Family",Estonia,Estonian,65.0
Wacken,2018,,,,0,0,1,0,0,Norbert Heitker,"Documentary,Music",Germany,English,95.0
Prathighatana,2014,,,,0,0,1,0,0,Tammareddy Bharadwaja,Drama,India,Telugu,117.0
Your favorite cartoon cupcakes - Part 2,2017,,,,0,0,1,0,0,Anuradha Javeri,"Animation,Short",United States,English,
Truck Tunes,2007,all,,,0,0,1,0,0,James Gardner,"Short,Family",United States,English,36.0
Ryan's Well,2011,,,,0,0,1,0,0,Lalita Krishna,Documentary,Canada,English,50.0
Voyage Of Curiosity,2017,,,,0,0,1,0,0,,,,,
Invalidated,2018,,,,0,0,1,0,0,Luke Livingston,Documentary,United States,English,50.0
The Illumined Ones,2017,,,,0,0,1,0,0,Crystal Dawne,Documentary,United States,English,98.0
[Indistinct Chatter],2018,,,,0,0,1,0,0,,,,,
My Side Piece Hit The Lotto,2018,,,,0,0,1,0,0,Dewey Allen,Drama,United States,,106.0
Plasmatics - Live! Rod Swenson's Lost Tapes 1978-81,2018,,,,0,0,1,0,0,,,,,
Submachine Guns International,2018,,,,0,0,1,0,0,,,,,
Who Cares About The Saints?,2009,,,,0,0,1,0,0,Eddie Siebert,Documentary,United States,English,109.0
Haunted North America,2016,,,,0,0,1,0,0,,Documentary,"Canada,France","English,French",
The Real History of England,2004,,,,0,0,1,0,0,,"Documentary,Sci-Fi","United Kingdom,United States",English,240.0
El Cap Report,2018,,,,0,0,1,0,0,"Dave Davis,Mary Grandelis","Documentary,Adventure,Sport",United States,English,58.0
Carrie Underwood: Country Idol,2014,,,,0,0,1,0,0,,,,,63.0
Love At First Swipe,2015,,,,0,0,1,0,0,,"Drama,Romance",Malaysia,"English,Malay,Hokkien",25.0
Hit Celebrity TV Commercials,2004,,,,0,0,1,0,0,,Comedy,United States,English,120.0
Ostatni ludzie Czarnobyla,2018,,,,0,0,1,0,0,Amadeusz Kocan,Documentary,Poland,Ukrainian,52.0
Street Ball Confidential,2005,,,,0,0,1,0,0,,,,,
Italy's Mystery Mountains,2014,,,,0,0,1,0,0,"Diane LaMacchia,Doug Prose",,,,57.0
Killer Wears White,1980,,,,0,0,1,0,0,Tung Cho 'Joe' Cheung,Action,Hong Kong,"Cantonese,English",114.0
Lil Wayne: Bling,2018,,,,0,0,1,0,0,Maureen Goldthorpe,Documentary,United Kingdom,English,60.0
Before I Do,2018,,,,0,0,1,0,0,Udo Ebulu,"Short,Drama",United States,English,22.0
Cowboys and Indians,2002,,,,0,0,1,0,0,Ian McCrudden,Drama,United States,English,103.0
Crocodiles: Caring Killers,2015,,,,0,0,1,0,0,,Documentary,United States,English,50.0
What's The Worst That Could Happen starring Chris Monty,2018,,,,0,0,1,0,0,,,,,
The Apostles After Jesus,2017,,,,0,0,1,0,0,,,,,
Bone Enemies,2014,,,,0,0,1,0,0,David Oelhoffen,"Drama,Thriller","France,Belgium","French,Arabic",111.0
Scrap,2011,,,,0,0,1,0,0,Leena Pendharkar,"Short,Drama",United States,English,20.0
Dünyanın en Güzel Kokusu 2 (The Best Scent of the World 2),2017,,,,0,0,1,0,0,,,,,
God's Comic,2012,,,,0,0,1,0,0,,,,,74.0
Ruby's Studio: The Friendship Show,2012,,,,0,0,1,0,0,"Samantha Counter,Musa Brooker",Family,United States,English,43.0
How to Love,2014,,,,0,0,1,0,0,Gunnar Skoglund,Comedy,Sweden,Swedish,86.0
Truck Tunes 2,2014,all,,,0,0,1,0,0,James Gardner,"Short,Family",United States,English,27.0
Well of Dreams: The Journey of Anne Okelo,2012,,,,0,0,1,0,0,"Chris Mercury,Cindy Speaker",Documentary,United States,English,62.0
Saving Flipper,2011,,,,0,0,1,0,0,,"Adventure,Game-Show,Reality-TV",,,
Songs to Have Sex To,2015,,,,0,0,1,0,0,Adrian Sibley,Documentary,United Kingdom,English,43.0
Shred Bots: R3boot,2017,,,,0,0,1,0,0,,,,,
It Takes Guts,2016,,,,0,0,1,0,0,Oliver Granö,"Short,Drama",United States,English,6.0
Edith Wharton: The Sense of Harmony,2014,,,,0,0,1,0,0,,,,,
Guns of the Civil War,2018,,,,0,0,1,0,0,Wesley Emerson,"Documentary,History,War",United States,English,180.0
Set Free,2017,,,,0,0,1,0,0,Tod Browning,"Comedy,Drama",United States,English,50.0
The Iranian Americans,2012,,,,0,0,1,0,0,Andrew Goldberg,Documentary,United States,English,52.0
"Profit, Pollution and Deception",2010,,,,0,0,1,0,0,,,,,
Who Put The Klan Into Ku Klux Klan,2018,,,,0,0,1,0,0,Ian Lilley,Documentary,United States,English,59.0
Las Vegas Story,2015,,,,0,0,1,0,0,Byron Q.,Drama,United States,English,95.0
The Healing,1988,,,,0,0,1,0,0,Chito S. Roño,"Horror,Mystery,Thriller",Philippines,"Filipino,Tagalog",107.0
New York Murder,2016,,,,0,0,1,0,0,Harry Lachman,"Comedy,Crime,Mystery,Thriller",United States,English,65.0
Smile Walked,2012,,,,0,0,1,0,0,William F. Claxton,"Drama,Family,Romance,Western",,English,50.0
Kanye West: Outspoken,2018,,,,0,0,1,0,0,,,,,
Ritratti Di Surf,2012,,,,0,0,1,0,0,Luca Merli,Action,Italy,Italian,69.0
The Boer War: 1899-1902,2018,,,,0,0,1,0,0,,Documentary,United Kingdom,English,
Sword of Honor,1994,,,,0,0,1,0,0,Robert Tiffe,"Action,Drama,Thriller",United States,English,97.0
Kids on Ice,2014,,,,0,0,1,0,0,Michel Gondry,"Fantasy,Sci-Fi",United States,,
Children of the Trains,2012,,,,0,0,1,0,0,Barbara Grandvoinet,"Documentary,Drama","United States,Thailand",English,43.0
Mafia Women,2008,,,,0,0,1,0,0,Patryk Vega,"Action,Crime,Drama",Poland,"Polish,English",138.0
Princess Diana: The Quiet Revolution,2017,,,,0,0,1,0,0,,,,,
Lies and Secrets,2018,,,,0,0,1,0,0,Kevin Carlin,"Crime,Drama,Mystery",Australia,English,
Mechanical Monsters,2018,,,,0,0,1,0,0,Andrew Smith,"Documentary,History",United Kingdom,English,59.0
JK's House,2013,,,,0,0,1,0,0,Aaron L. Williams,"Family,Music",United States,English,97.0
White Rock Boxing,2013,,,,0,0,1,0,0,Cliff Springs,"Documentary,Biography,Sport",United States,English,56.0
To Auschwitz And Back,2018,,,,0,0,1,0,0,Ron Small,Documentary,United States,English,
Lost Technology of Ancient Egypt: Part I,2018,,,,0,0,1,0,0,,,,,
New York State of Mind Movie,2016,,,,0,0,1,0,0,Richie Cerda,Drama,United States,English,121.0
The Lindt Cafe Siege,2017,,,,0,0,1,0,0,,,,,
Pipeline Fighters,2016,,,,0,0,1,0,0,Marino Colmano,Documentary,United States,,99.0
Brad Stine - Boycott This!,2016,,,,0,0,1,0,0,,,,,
Junior,2013,,,,0,0,1,0,0,Ivan Reitman,"Comedy,Romance,Sci-Fi",United States,English,109.0
Church Of Felons,2018,,,,0,0,1,0,0,Jordan Mederich,Documentary,United States,English,89.0
Wrestling with Satan,2009,,,,0,0,1,0,0,"Paul Aldridge,Tom Borden",Documentary,United States,English,85.0
Pure the movie series,2018,,,,0,0,1,0,0,,,,,
Love & I Had A Fight,2013,18+,,,0,0,1,0,0,"Anky Cyriaque,Kega Webb","Short,Drama,Romance",United States,English,19.0
The Dreamtime,2007,,,,0,0,1,0,0,Alastair Reid,Drama,,,
X-treme Fighter,2005,,,,0,0,1,0,0,Art Camacho,"Action,Sci-Fi",United States,English,90.0
Enter the Jungle,2014,,,,0,0,1,0,0,"Alex Harvey,Tommy Sowards",Documentary,United States,"English,Portuguese",88.0
Napoli Dogs,2006,,,,0,0,1,0,0,Barbara Puskas,Documentary,France,French,50.0
History Rediscovered: Prelude to War,2012,,,,0,0,1,0,0,,Documentary,United States,English,52.0
No Place to Hide,2013,,,,0,0,1,0,0,Robert Allen Schnitzer,Thriller,United States,English,80.0
"Toumai, the Oldest Human Ancestor",2016,,,,0,0,1,0,0,,,,,
Bolivian Voices,2008,,,,0,0,1,0,0,,,,,
The Sante Fe Trail,2007,,,,0,0,1,0,0,Ray Nazarro,"Music,Western",United States,English,63.0
The Legendary Normandy-Niemen Regiment,2014,,,,0,0,1,0,0,,,,,
Lockerbie: Case Closed,2012,,,,0,0,1,0,0,,,,,
Nola Life,2016,,,,0,0,1,0,0,,Drama,United States,English,
Fire Lines,2014,13+,,,0,0,1,0,0,Avi Goldstein,"Documentary,Short","Palestine,United States","Arabic,Hebrew",42.0
Wheels of Power: History of Official Cars,2018,,,,0,0,1,0,0,,,,,
Lost Soul,2006,,,,0,0,1,0,0,Dino Risi,"Drama,Horror,Mystery","Italy,France","Italian,German",102.0
Big Wata,2018,13+,,,0,0,1,0,0,"Gugi van der Velden,Jan Paul van der Velden","Documentary,Adventure","Netherlands,Liberia,Sierra Leone",English,80.0
Country's Family Reunion Presents Simply Bluegrass: Volume One,2013,,,,0,0,1,0,0,,,,,
JFK: One PM Central Standard Time,2013,,,,0,0,1,0,0,Alastair Layzell,"Documentary,History,Mystery,War",,,73.0
The Story of Crop Circles,2016,,,,0,0,1,0,0,Colin Andrews,Documentary,United States,English,120.0
Enemies,2007,,,,0,0,1,0,0,Mariya Mozhar,"Drama,War","Russia,Belarus","Russian,German",78.0
Heavy Machine Guns,2018,,,,0,0,1,0,0,,"Short,Comedy,Talk-Show",,,10.0
Passing Through,2018,,,,0,0,1,0,0,Larry Clark,Drama,United States,English,105.0
Live Fast Die Young Chi-bangin,2018,,,,0,0,1,0,0,David Wolfe,Action,United States,English,52.0
Jean Moulin & Klaus Barbie: The Justice of History,2018,,,,0,0,1,0,0,Sylvie Cozzolino,Documentary,France,French,52.0
The Devil's Sea: Beyond the Bermuda Triangle,2003,,,,0,0,1,0,0,,,,,
The Amazing Adventure of Marchello the Cat,2017,,,,0,0,1,0,0,,,,,
Bone Hunter,2010,,,,0,0,1,0,0,Anna Isabelle Matutina,Documentary,,,
Halloween Night,2010,,,,0,0,1,0,0,Bobby Roe,"Horror,Thriller",United States,English,91.0
Everything and Nothing: The Amazing Science of Empty Space,2011,,,,0,0,1,0,0,,Documentary,United Kingdom,,
Same Difference,2017,,,,0,0,1,0,0,Derege Harding,Mystery,United States,English,87.0
Mistakes and Monsters,2018,,,,0,0,1,0,0,,"Animation,Family,Fantasy",Canada,,22.0
Wings for Maggie Ray,2014,,,,0,0,1,0,0,Philip Paluso,History,United States,English,57.0
White Lady,2006,,,,0,0,1,0,0,Jeff Tan,Horror,Philippines,"English,Filipino,Tagalog",105.0
Carnuntum - Metropolis in the Land of the Barbarians,2005,,,,0,0,1,0,0,,,,,
Love Is Where You Find It,2009,,,,0,0,1,0,0,Victor Jones,"Comedy,Romance",United States,English,99.0
The Independent Game,2014,,,,0,0,1,0,0,J.T. The Bigga Figga,Drama,United States,English,
Words Of Art,2014,,,,0,0,1,0,0,Jeff Roldan,Documentary,United States,English,60.0
The Fairies - Dancing Girl,2009,,,,0,0,1,0,0,David Hancock,Family,Australia,English,45.0
Diary of a Cheating Man,2015,,,,0,0,1,0,0,,Drama,United States,English,
Kimono,2007,,,,0,0,1,0,0,Hal Hartley,Short,Germany,None,28.0
TurboDojo - Absinthe Films,2017,,,,0,0,1,0,0,,,,,
Snowsurf,2015,,,,0,0,1,0,0,,,,,63.0
Laughter Is Medicine,2018,,,,0,0,1,0,0,,Comedy,United States,English,60.0
"Evening Waterfalls, 8 hours for sleep and meditation ultra dark",2016,,,,0,0,1,0,0,,,,,
Goonside 2,2018,,,,0,0,1,0,0,Bobby Shane Ellis,"Short,Thriller",United States,English,
Flexibility Yoga 30 Minute Workout To Boost Mobility - Julia Jarvis,2017,,,,0,0,1,0,0,,,,,
UFO Chronicles: The Aliens Arrive,2018,,,,0,0,1,0,0,,Documentary,United States,English,70.0
Land of the Free,1997,,,,0,0,1,0,0,Jerry Jameson,Thriller,United States,English,100.0
Seeing The Unseen,2018,,,,0,0,1,0,0,"Kristján Kristjánsson,Bjarney Lúðvíksdóttir",Documentary,Iceland,Icelandic,82.0
The Church: Code of Silence,2017,,,,0,0,1,0,0,,,,,
In Their Sights,2011,,,,0,0,1,0,0,,Documentary,,,
Bound To The Body,2019,13+,,,0,0,1,0,0,,"Drama,Thriller",United States,English,
Chasing Gold,2016,,,,0,0,1,0,0,Edmond G Coisson,"Crime,Drama,Mystery,Thriller",United States,English,90.0
Isonzo: The War In The Mountains,2013,,,,0,0,1,0,0,,,,,
Murder Gardens,2019,,,,0,0,1,0,0,,Drama,United States,English,142.0
Leonard Cohen: Leonard Cohen's Lonesome Heroes,2010,,,,0,0,1,0,0,,Documentary,United States,English,110.0
Metallica: Kill 'Em All to St. Anger - The Ultimate Critical Review,2006,,,,0,0,1,0,0,,,,,
Shakespeare's Stratford,2008,,,,0,0,1,0,0,Mervyn Cumming,History,,,
Tiger Day: Tiger Tank 131,2014,,,,0,0,1,0,0,,,,,
Lots and Lots of Trucks: Hard Workin' Trucks,2008,,,,0,0,1,0,0,,,,,
Disney Parks: Ultimate Walt Disney World,2010,,,,0,0,1,0,0,,,,,
The Carnivore's Dilemma,2018,,,,0,0,1,0,0,Benoit Bringer,Documentary,France,English,70.0
Wild Weather,2017,,,,0,0,1,0,0,,Documentary,"United Kingdom,Austria,South Korea",English,174.0
Wild Kratts: Alaska- Hero's Journey,2017,,,,0,0,1,0,0,"Chris Kratt,Chris Roy",Animation,United States,English,48.0
Birth of a Monster,2016,,,,0,0,1,0,0,Timothy Martin,"Short,Sci-Fi",United States,English,21.0
Imagine Nation,2018,,,,0,0,1,0,0,Carmel Ceravolo,Reality-TV,United States,English,65.0
IQ Supremacy,2017,,,,0,0,1,0,0,Billy Dickson,Sci-Fi,United States,English,101.0
Extreme Tunneling: An Epic Story of Man vs. Rock,2015,,,,0,0,1,0,0,,,,,
Sunshine Day,2017,,,,0,0,1,0,0,Lawrence Lee Wallace,"Action,Crime,Drama,Romance",United States,English,100.0
The Real Power of Prayer,2016,,,,0,0,1,0,0,Paul Nichols,Documentary,,,
Japanese WWII Firearms,2018,,,,0,0,1,0,0,,,,,
Cracking the Prophetic Code,2000,,,,0,0,1,0,0,,,,,
Behind the Race to the Moon,2002,,,,0,0,1,0,0,,,,,51.0
Late War Fighters of the Luftwaffe,1997,,,,0,0,1,0,0,,"Documentary,History,War",,,45.0
Beneath Alcatraz,1999,,,,0,0,1,0,0,,,,,
In Beaver Valley,1950,,,,0,0,0,1,0,James Algar,"Documentary,Short,Family",United States,English,32.0
